Workbook

Sheet Question
A1: Spreadsheet Proficiency
A3: A. Given the below data structure (assume data in separate worksheets of the same workbook),describe/discuss the solution in detail for the following :-
A5: 1. populate 'ticket_created_at' column in feedbacks table with 'created_at' column of corresponding ticket
A6: 2. fetch outlet-wise count of tickets created AND closed in -
A7: a. the same day
A8: b. same hour of the same day

Sheet ticket
A1: ticket_id | B1: created_at | C1: closed_at | D1: outlet_id | E1: cms_id | F1: Same_Day | G1: Same_Hour
A2: isu-sjd-457 | B2: 2021-08-19 16:45:43 | C2: 2021-08-22 12:33:32 | D2: wrqy-juv-978 | E2: vew-iuvd-12 | F2: =INT(B2)=INT(C2) -> FALSE | G2: =HOUR(B2)=HOUR(C2) -> FALSE
A3: qer-fal-092 | B3: 2021-08-21 11:09:22 | C3: 2021-08-21 17:13:45 | D3: 8woh-k3u-23b | E3: vew-iuvd-13 | F3: =INT(B3)=INT(C3) -> TRUE | G3: =HOUR(B3)=HOUR(C3) -> FALSE
A4: plm-kju-678 | B4: 2021-08-21 10:00:00 | C4: 2021-08-21 10:45:00 | D4: wrqy-juv-978 | E4: vew-iuvd-14 | F4: =INT(B4)=INT(C4) -> TRUE | G4: =HOUR(B4)=HOUR(C4) -> TRUE
A5: zxc-vbn-345 | B5: 2021-08-22 09:30:00 | C5: 2021-08-23 10:00:00 | D5: 8woh-k3u-23b | E5: vew-iuvd-15 | F5: =INT(B5)=INT(C5) -> FALSE | G5: =HOUR(B5)=HOUR(C5) -> FALSE
A6: asd-qwe-123 | B6: 2021-08-22 12:00:00 | C6: 2021-08-22 12:30:00 | D6: wrqy-juv-978 | E6: vew-iuvd-16 | F6: =INT(B6)=INT(C6) -> TRUE | G6: =HOUR(B6)=HOUR(C6) -> TRUE
A7: poi-lkj-987 | B7: 2021-08-23 14:15:00 | C7: 2021-08-23 16:00:00 | D7: 8woh-k3u-23b | E7: vew-iuvd-17 | F7: =INT(B7)=INT(C7) -> TRUE | G7: =HOUR(B7)=HOUR(C7) -> FALSE
A8: mnb-hgf-654 | B8: 2021-08-24 08:20:00 | C8: 2021-08-24 08:50:00 | D8: wrqy-juv-978 | E8: vew-iuvd-18 | F8: =INT(B8)=INT(C8) -> TRUE | G8: =HOUR(B8)=HOUR(C8) -> TRUE
A9: lkj-hgf-321 | B9: 2021-08-24 10:10:00 | C9: 2021-08-25 11:00:00 | D9: 8woh-k3u-23b | E9: vew-iuvd-19 | F9: =INT(B9)=INT(C9) -> FALSE | G9: =HOUR(B9)=HOUR(C9) -> FALSE
A10: tre-wqa-456 | B10: 2021-08-25 09:00:00 | C10: 2021-08-25 09:30:00 | D10: wrqy-juv-978 | E10: vew-iuvd-20 | F10: =INT(B10)=INT(C10) -> TRUE | G10: =HOUR(B10)=HOUR(C10) -> TRUE
A11: yui-opl-741 | B11: 2021-08-25 13:45:00 | C11: 2021-08-26 14:30:00 | D11: 8woh-k3u-23b | E11: vew-iuvd-21 | F11: =INT(B11)=INT(C11) -> FALSE | G11: =HOUR(B11)=HOUR(C11) -> FALSE
A12: bnm-jhg-852 | B12: 2021-08-26 15:00:00 | C12: 2021-08-26 15:20:00 | D12: wrqy-juv-978 | E12: vew-iuvd-22 | F12: =INT(B12)=INT(C12) -> TRUE | G12: =HOUR(B12)=HOUR(C12) -> TRUE
A13: vfr-tgb-963 | B13: 2021-08-27 16:30:00 | C13: 2021-08-27 17:30:00 | D13: 8woh-k3u-23b | E13: vew-iuvd-23 | F13: =INT(B13)=INT(C13) -> TRUE | G13: =HOUR(B13)=HOUR(C13) -> FALSE
... A16: qaz-wsx-258 | B16: 2021-08-28 13:15:00 | C16: 2021-08-28 13:45:00 | D16: wrqy-juv-978 | E16: vew-iuvd-26 | F16: =INT(B16)=INT(C16) -> TRUE | G16: =HOUR(B16)=HOUR(C16) -> TRUE

Sheet feedbacks
A1: cms_id | B1: feedback_at | C1: feedback_rating | D1: ticket_created_at
A2: vew-iuvd-12 | B2: 2021-08-21 13:26:48 | C2: 3 | D2: =INDEX(ticket!B:B, MATCH(A2, ticket!E:E, 0)) -> 2021-08-19 16:45:43
A3: vew-iuvd-13 | B3: 2021-08-22 14:00:00 | C3: 4 | D3: =INDEX(ticket!B:B, MATCH(A3, ticket!E:E, 0)) -> 2021-08-21 11:09:22
A4: vew-iuvd-14 | B4: 2021-08-21 11:30:00 | C4: 5 | D4: =INDEX(ticket!B:B, MATCH(A4, ticket!E:E, 0)) -> 2021-08-21 10:00:00
A5: vew-iuvd-15 | B5: 2021-08-23 15:00:00 | C5: 2 | D5: =INDEX(ticket!B:B, MATCH(A5, ticket!E:E, 0)) -> 2021-08-22 09:30:00
A6: vew-iuvd-16 | B6: 2021-08-22 13:00:00 | C6: 4 | D6: =INDEX(ticket!B:B, MATCH(A6, ticket!E:E, 0)) -> 2021-08-22 12:00:00
A7: vew-iuvd-17 | B7: 2021-08-23 17:00:00 | C7: 3 | D7: =INDEX(ticket!B:B, MATCH(A7, ticket!E:E, 0)) -> 2021-08-23 14:15:00
A8: vew-iuvd-18 | B8: 2021-08-24 09:00:00 | C8: 5 | D8: =INDEX(ticket!B:B, MATCH(A8, ticket!E:E, 0)) -> 2021-08-24 08:20:00
A9: vew-iuvd-19 | B9: 2021-08-25 12:00:00 | C9: 2 | D9: =INDEX(ticket!B:B, MATCH(A9, ticket!E:E, 0)) -> 2021-08-24 10:10:00
A10: vew-iuvd-20 | B10: 2021-08-25 10:00:00 | C10: 4 | D10: =INDEX(ticket!B:B, MATCH(A10, ticket!E:E, 0)) -> 2021-08-25 09:00:00
A11: vew-iuvd-21 | B11: 2021-08-26 15:00:00 | C11: 3 | D11: =INDEX(ticket!B:B, MATCH(A11, ticket!E:E, 0)) -> 2021-08-25 13:45:00
A12: vew-iuvd-22 | B12: 2021-08-26 16:00:00 | C12: 5 | D12: =INDEX(ticket!B:B, MATCH(A12, ticket!E:E, 0)) -> 2021-08-26 15:00:00
A13: vew-iuvd-23 | B13: 2021-08-27 18:00:00 | C13: 2 | D13: =INDEX(ticket!B:B, MATCH(A13, ticket!E:E, 0)) -> 2021-08-27 16:30:00
... A16: vew-iuvd-26 | B16: 2021-08-28 14:00:00 | C16: 5 | D16: =INDEX(ticket!B:B, MATCH(A16, ticket!E:E, 0)) -> 2021-08-28 13:15:00
